model,accuracy_mean,accuracy_std,precision_mean,precision_std,recall_mean,recall_std,f1_mean,f1_std,roc_auc_mean,roc_auc_std
XGBoost,0.7,0.2449489742783178,0.7,0.2449489742783178,1.0,0.0,0.7999999999999999,0.16329931618554522,,
SVM,0.3,0.24494897427831783,0.2,0.24494897427831783,0.4,0.48989794855663565,0.26666666666666666,0.3265986323710904,0.2,0.4
Random Forest,0.4,0.20000000000000004,0.1,0.20000000000000004,0.2,0.4000000000000001,0.13333333333333333,0.26666666666666666,0.8,0.4000000000000001
Neural Network,0.5,0.0,0.1,0.2,0.2,0.4,0.13333333333333333,0.26666666666666666,0.4,0.48989794855663565
